{
    "eval_loss": 0.3496124744415283,
    "eval_model_preparation_time": 0.0016,
    "eval_rouge1": 0.5496995136812989,
    "eval_rouge2": 0.3598711404742293,
    "eval_rougeL": 0.5190834597425165,
    "eval_runtime": 80.7511,
    "eval_samples_per_second": 1.238,
    "eval_steps_per_second": 0.619
}