{
    "eval_loss": 0.3461708724498749,
    "eval_model_preparation_time": 0.0017,
    "eval_rouge1": 0.5644803862138834,
    "eval_rouge2": 0.3842464547418305,
    "eval_rougeL": 0.5407493541396625,
    "eval_runtime": 78.4002,
    "eval_samples_per_second": 1.276,
    "eval_steps_per_second": 0.638
}